{
  "project_info": {
    "project_number": "99817850014",
    "project_id": "akilli-bileklik-5ec61",
    "storage_bucket": "akilli-bileklik-5ec61.firebasestorage.app"
  },
  "client": [
    {
      "client_info": {
        "mobilesdk_app_id": "1:99817850014:android:ef8165c89c6a3385d5678f",
        "android_client_info": {
          "package_name": "com.example.akilli_bileklik"
        }
      },
      "oauth_client": [],
      "api_key": [
        {
          "current_key": "AIzaSyByD8DPCohIwM-jY9PJwMN8mgb5OiIxn4s"
        }
      ],
      "services": {
        "appinvite_service": {
          "other_platform_oauth_client": []
        }
      }
    }
  ],
  "configuration_version": "1"
}